id, type, accessories, background
0, Ape, Sombrero, Bitcoin Orange
1, Alien, Red Mohawk / Hoodie, 
2, Vampire, , 
3, Vampire, Laser Eyes / Gold Chain, 
4, Skeleton, Laser Eyes / Gold Chain, 
5, Human, Laser Eyes / Gold Chain, 
6, Robot, Laser Eyes / Gold Chain, 
7, Zombie, Laser Eyes / Gold Chain, 
8, Orc, Laser Eyes / Gold Chain, 
9, Mummy, , 
10, Demon, , 
11, Robot, , 
12, Orc, , 
13, Demon, Laser Eyes / Gold Chain, 
14, Alien, Laser Eyes / Gold Chain, 
15, Skeleton, , 
16, Human, , 
17, Skeleton, Goatie / Hoodie, 
18, Ape, Laser Eyes / Gold Chain, 
19, Alien, , 
20, Mummy, Laser Eyes / Gold Chain, 
21, Zombie, , 
22, Ape, , 
23, Human, Red Mohawk / Eye Patch, 
24, Zombie, Mohawk Black, Bitcoin Pattern
25, Skeleton, Fedora / Gold Chain / Pipe, 
26, Alien, Hoodie / Earring, Bitcoin Orange
27, Human, Wild White Hair / Laser Eyes / Bubble Gum, 
28, Vampire, Heart Shades / Buckteeth / Demon Horns, 
29, Demon, Hoodie / Laser Eyes / Gold Chain, 
30, Mummy, Hoodie / Laser Eyes / Gold Chain, 
31, Robot, Hoodie / Laser Eyes / Gold Chain, 
32, Alien, Hoodie / Laser Eyes / Gold Chain, 
33, Alien, Heart Shades / Buckteeth / Demon Horns, 
34, Skeleton, Hoodie / Laser Eyes / Gold Chain, 
35, Orc, Hoodie / Laser Eyes / Gold Chain, 
36, Vampire, Hoodie / Laser Eyes / Gold Chain, 
37, Ape, VR / Smile / Gold Chain / Hoodie, Bitcoin Pattern
38, Orc, VR / Gold Chain, 
39, Human, , 
40, Zombie, Laser Eyes, 
41, Zombie, Laser Eyes / Hoodie, Bitcoin Pattern
42, Zombie, Laser Eyes / Hoodie, 
43, Zombie / Ape, , Bitcoin Orange
44, Zombie, , 
45, Zombie / Ape, , 
46, Ape / Alien, Laser Eyes / Hoodie, 
47, Alien, Wild White Hair / Laser Eyes / Frown, Bitcoin Pattern
48, Robot, 3D Glasses / Frown / Silver Chain, Bitcoin Pattern
49, Orc, , 
50, Orc, Eye Mask / Gold Chain, 
51, Demon, , 
52, Vampire, , 
53, Robot, Mohawk Black / 3D Glasses, Bitcoin Pattern
54, Ape, Laser Eyes, 
55, Alien, Red Mohawk / Top Hat / Laser Eyes / Smile, 
56, Ape, Laser Eyes, Bitcoin Orange
57, Ape, Hoodie / Gold Chain / 3D Glasses / Bandana, Bitcoin Orange
58, Ape, Hoodie / Laser Eyes, Bitcoin Pattern
59, Mummy, Hoodie / Laser Eyes, Bitcoin Pattern
60, Vampire, Hoodie / Laser Eyes, Bitcoin Pattern
61, Ape, Big Beard, Bitcoin Orange
62, Robot, Mohawk Black / Big Shades / Demon Horns, Bitcoin Orange
63, Zombie, Wild Blonde / Bandana, Bitcoin Pattern
64, Zombie, Heart Shades / Silver Chain, Bitcoin Pattern
65, Vampire, VR / Hoodie, 
66, Zombie, VR / Hoodie, 
67, Orc, VR / Hoodie, 
68, Alien, VR / Hoodie, 
69, Demon, VR / Hoodie, 
70, Ape, VR / Hoodie, 
71, Zombie, Heart Shades / Gold Chain, Bitcoin Pattern
72, Ape, Bandana / VR, Bitcoin Pattern
73, Ape, Bandana / 3D Glasses, Bitcoin Pattern
74, Ape, Bandana / Heart Shades, Bitcoin Pattern
75, Ape, Bandana / VR / Hoodie / Bubble Gum, Bitcoin Pattern
76, Ape, Top Hat / Laser Eyes, Bitcoin Pattern
77, Ape, Bandana / VR / Hoodie / Big Beard, Bitcoin Pattern
78, Ape, Hoodie / Big Shades, Bitcoin Pattern
79, Zombie, Heart Shades / Gold Chain, Bitcoin Orange
80, Human, VR, 
81, Zombie, Sombrero / 3D Glasses / Gold Chain, 
82, Zombie, 3D Glasses, Bitcoin Pattern
83, Skeleton, Laser Eyes / Mohawk Black / Clown Nose / Cigar, 
84, Skeleton, Wild White Hair / Big Shades / Cigarette / Earring / Hoodie, Bitcoin Orange
85, Ape, Mohawk Black / Cap Red / Laser Eyes / Hoodie, 
86, Alien, Laser Eyes / Demon Horns / Cigar / Gold Chain / Hoodie, 
87, Skeleton, Red Mohawk / Medical Mask, Bitcoin Orange
88, Demon, Red Mohawk / Top Hat / Eye Mask / Goatie / Mole / Demon Horns / Earring / Hoodie, 
89, Alien, Cowboy Hat / VR / Cigarette / Gold Chain, 
90, Zombie, Messy Black Hair / Beanie / Laser Eyes / Goatie / Mole / Cigar / Earring, Bitcoin Pattern
91, Ape, Laser Eyes / Cigarette, Bitcoin Orange
92, Demon, Heart Shades / Pipe, Bitcoin Orange
93, Ape, Crazy Red Hair / Heart Shades / Cigarette, Bitcoin Orange
94, Human, VR / Hoodie, 
95, Mummy, VR / Hoodie, 
96, Ape, Wild Blonde / Heart Shades / Cigarette, Bitcoin Orange
97, Ape, Wild White Hair / Heart Shades / Pipe, Bitcoin Orange
98, Skeleton, VR / Hoodie, 
99, Robot, VR / Hoodie, 
100, Vampire, Messy Black Hair / Top Hat / Laser Eyes / Silver Chain, Bitcoin Pattern
101, Ape / Human / Human, Mohawk Black / Beanie / VR, 
102, Robot, Bandana / VR, Bitcoin Pattern
103, Demon, Heart Shades / Pipe, Bitcoin Pattern
104, Demon, Laser Eyes / Cigarette, Bitcoin Pattern
105, Ape, Bandana / 3D Glasses / Bubble Gum, Bitcoin Pattern
106, Ape, Hoodie / VR / Bubble Gum, Bitcoin Pattern
107, Ape, Hoodie / Heart Shades / Bubble Gum, Bitcoin Pattern
108, Ape, Hoodie / Cigarette, Bitcoin Pattern
109, Ape, Hoodie / Big Shades / Bubble Gum, Bitcoin Pattern
110, Ape, Bandana / Heart Shades / Bubble Gum, Bitcoin Pattern
111, Ape, Bandana / VR / Bubble Gum, Bitcoin Pattern
112, Ape, Bandana / Big Shades / Bubble Gum, Bitcoin Pattern
113, Alien, Cap McD Red / Laser Eyes / Gold Chain, 
114, Alien, Cap McD Red / Frown / Hoodie, 
115, Alien, Cap McD Red / VR / Earring, 
116, Alien, Cap McD Red / Big Beard / Medical Mask, 
117, Alien, Fedora / Laser Eyes / Gold Chain, 
118, Alien, Cap McD Red / Clown Nose / Silver Chain, 
119, Ape, Red Mohawk / 3D Glasses / Gold Chain / Hoodie, 
120, Skeleton, Cowboy Hat / Classic Shades / Cigarette / Gold Chain, 
121, Robot, Cap McD Red / VR / Spots / Silver Chain, 
122, Vampire, Clown Hair Blue / Cap McD Red / Big Beard / Buckteeth / Demon Horns / Hoodie, 
123, Human, Bandana / Heart Shades / Cigarette, Bitcoin Orange
124, Human, Hoodie / Big Shades / Pipe, Bitcoin Orange
125, Human, Hoodie / 3D Glasses / Big Beard / Cigarette, Bitcoin Orange
126, Human, Hoodie / 3D Glasses / Cigarette, Bitcoin Orange
127, Human, Hoodie / Heart Shades / Cigarette, Bitcoin Orange
128, Human, Hoodie / 3D Glasses / Pipe, Bitcoin Orange
129, Human / Zombie / Human, Messy Black Hair / Bandana / Regular Shades, 
130, Demon / Zombie / Robot / Orc / Alien / Ape, , 
131, Ape, Regular Shades, Bitcoin Pattern
132, Human / Human, Mohawk Black / Beanie / Eye Mask / Hoodie, 
133, Ape, Red Mohawk / Top Hat, Bitcoin Orange
134, , Beanie / Wild Blonde / Heart Shades / Goatie / Cigar, Bitcoin Pattern
135, Robot, Hoodie / Laser Eyes, Bitcoin Pattern
136, Human / Zombie, Messy Black Hair / Bandana / Regular Shades, 
137, Zombie, Messy Black Hair / Bandana / Regular Shades / Goatie, Bitcoin Pattern
138, Ape, Cap McD Red / Spots, Bitcoin Orange
139, Zombie / Human, Spots, 
140, Human, Messy Black Hair / Smile / Cigar / Earring, Bitcoin Pattern
141, Ape, Cap McD Red / Regular Shades / Earring / Gold Chain, Bitcoin Pattern
142, Zombie, Cigarette, Bitcoin Orange
143, Human, Red Mohawk / VR / Smile / Cigarette, Bitcoin Orange
144, Orc, Messy Black Hair / Cigarette / Hoodie, Bitcoin Pattern
145, Skeleton, Crazy Red Hair / VR / Pipe / Gold Chain, Bitcoin Pattern
146, Zombie, Wild White Hair / Sombrero / Eye Patch / Buckteeth / Silver Chain, Bitcoin Orange
147, Ape / Zombie, Cap Forward / Bubble Gum / Earring, Bitcoin Orange
148, Mummy, Fedora / Laser Eyes / Bubble Gum / Gold Chain, Bitcoin Pattern
149, Robot, Gold Chain / Cigarette / Hoodie, Bitcoin Pattern
150, Alien, Crazy Red Hair / Cowboy Hat / Eye Mask / Goatie / Cigar, Bitcoin Pattern
151, Demon, Clown Hair Blue / Laser Eyes / Smile / Clown Nose / Demon Horns, Bitcoin Orange
152, Vampire, Messy Black Hair / Fedora / Frown / Gold Chain, Bitcoin Orange
153, Demon, Mohawk Black / Jester Hat, 
154, Mummy, Crazy Red Hair / Regular Shades, 
155, Vampire, Wild White Hair / Eye Mask, 
156, Zombie, Fedora / Laser Eyes, 
157, Human, VR / Hoodie, 
158, Zombie / Alien, Hoodie, Bitcoin Pattern
159, Alien, Messy Black Hair / Laser Eyes, 
160, Alien, Messy Black Hair / Laser Eyes, Bitcoin Pattern
161, Alien, Laser Eyes / Hoodie, 
162, Human, Messy Black Hair / Laser Eyes, Bitcoin Orange
163, Zombie, Messy Black Hair / Laser Eyes, Bitcoin Pattern
164, Orc, Cap McD Red / Gold Chain, 
165, Vampire / Human, Cowboy Hat / Buckteeth / Cap Forward, 
166, Mummy, Birthday Hat / 3D Glasses, 
167, Zombie, 3D Glasses / Gold Chain, 
168, Alien, Bandana / Pipe, 
169, Ape, Hoodie, 
170, Robot, , 
171, Alien, , 
172, Mummy, , 
173, Skeleton, , 
174, Ape, , 
175, Zombie, , 
176, Alien, VR / Hoodie, 
177, Orc, Cap Red / Classic Shades / Cigarette / Earring, 
178, Robot, Laser Eyes / Earring, Bitcoin Pattern
179, Demon, Goatie / Frown / Demon Horns, Bitcoin Pattern
180, Orc, Cap Red / Classic Shades / Cigarette / Earring, 
181, Vampire, Cap McD Red / Gold Chain, Bitcoin Pattern
182, Zombie, Messy Black Hair / Laser Eyes, Bitcoin Orange
183, Orc, Red Mohawk / VR / Big Beard / Demon Horns / Cigarette / Earring, 
184, Ape, Laser Eyes / Hoodie, 
185, Ape, Beanie / Big Beard, 
186, Human, Messy Black Hair / Cap McD Red / Regular Shades / Medical Mask, 
187, Zombie, Messy Black Hair / Cap McD Red / Regular Shades / Medical Mask, 
188, Alien, Messy Black Hair / Cap McD Red / Regular Shades / Medical Mask, 
189, Vampire, Messy Black Hair / Cap McD Red / Regular Shades / Medical Mask, 
190, Demon, Messy Black Hair / Cap McD Red / Regular Shades / Medical Mask, 
191, Skeleton, Messy Black Hair / Cap McD Red / Regular Shades / Medical Mask, 
192, Orc, Messy Black Hair / Cap McD Red / Regular Shades / Medical Mask, 
193, Mummy, Messy Black Hair / Cap McD Red / Regular Shades / Medical Mask, 
194, Robot, Messy Black Hair / Cap McD Red / Regular Shades / Medical Mask, 
195, Ape, Messy Black Hair / Cap McD Red / Regular Shades / Medical Mask, 
196, Human, Wild Blonde / Bandana / 3D Glasses, 
197, Orc, Wild Blonde / Bandana / 3D Glasses, 
198, Mummy, Wild Blonde / Bandana / 3D Glasses, 
199, Demon, Wild Blonde / Bandana / 3D Glasses, 
200, Zombie, Wild Blonde / Bandana / 3D Glasses, 
201, Vampire, Wild Blonde / Bandana / 3D Glasses, 
202, Ape, Wild Blonde / Bandana / 3D Glasses, 
203, Robot, Wild Blonde / Bandana / 3D Glasses, 
204, Skeleton, Wild Blonde / Bandana / 3D Glasses, 
205, Alien, Wild Blonde / Bandana / 3D Glasses, 
206, Ape, 3D Glasses / Goatie / Cigarette / Gold Chain / Hoodie, Bitcoin Orange
207, Zombie, Beanie / Laser Eyes / Big Beard / Clown Nose / Silver Chain / Hoodie, 
208, Zombie, Beanie / Laser Eyes, Bitcoin Pattern
209, Mummy, Hoodie, Bitcoin Pattern
210, Human, Red Mohawk / Laser Eyes / Demon Horns / Cigarette / Gold Chain, Bitcoin Orange
211, Human, Red Mohawk / VR / Demon Horns / Cigarette / Gold Chain, Bitcoin Orange
212, Ape, Red Mohawk / VR / Demon Horns / Cigarette / Gold Chain, Bitcoin Orange
213, Demon, Cap McD Red / Cigarette, 
214, Skeleton, Mohawk Black, Bitcoin Orange
215, Ape, Cigarette / Hoodie, Bitcoin Orange
216, Zombie, Cowboy Hat / Laser Eyes / Goatie / Demon Horns / Cigar / Earring, 
217, Skeleton, Regular Shades / Hoodie, Bitcoin Pattern
218, Alien, Bandana / Eye Patch / Bubble Gum / Earring, 
219, Zombie, Earring / Gold Chain, 
220, Zombie, Jester Hat / Heart Shades / Clown Nose, 
221, Vampire, Mohawk Black / Pipe / Silver Chain, 
222, Robot, Hoodie / Laser Eyes, 
223, Ape, Hoodie / Laser Eyes, 
224, Robot, Hoodie / Laser Eyes, 
225, Demon, Mohawk Black, 
226, Demon, Demon Horns / Cigar / Silver Chain, Bitcoin Orange
227, Skeleton, 3D Glasses / Hoodie, 
228, Skeleton, Eye Mask / Hoodie, 
229, Robot, Sombrero / 3D Glasses, 
230, Skeleton, Beanie / Laser Eyes / Cigarette, 
231, Human, Knitted Cap / Laser Eyes / Cigarette, Bitcoin Orange
232, Alien, Hoodie / Earring, Bitcoin Orange
233, Ape, Top Hat / Big Beard, Bitcoin Pattern
234, Ape, Earring, 
235, Mummy, Pipe / Gold Chain / Hoodie, Bitcoin Pattern
236, Human, Knitted Cap / Heart Shades / Cigarette, 
237, Ape, Knitted Cap / 3D Glasses / Cigarette, 
238, Robot, Big Beard / Gold Chain, 
239, Skeleton, Eye Patch, Bitcoin Orange
240, Robot, Gold Chain / Hoodie, Bitcoin Pattern
241, Human, Classic Shades / Medical Mask, 
242, Mummy, Classic Shades / Medical Mask, 
243, Human, Mohawk Black / Bubble Gum, 
244, Human, Wild White Hair / Silver Chain, 
245, Alien, Classic Shades / Medical Mask, 
246, Vampire, Classic Shades / Medical Mask, 
247, Ape, Classic Shades / Medical Mask, 
248, Orc, Classic Shades / Medical Mask, 
249, Human, Wild Blonde / Silver Chain, 
250, Human, Blonde Short / Pipe, 
251, Zombie, Classic Shades / Medical Mask, 
252, Human, Red Mohawk / Silver Chain, 
253, Human, Mohawk Black / Cigarette, 
254, Skeleton, Classic Shades / Medical Mask, 
255, Human, Crazy Red Hair / Silver Chain, 
256, Robot, Classic Shades / Medical Mask, 
257, Demon, Classic Shades / Medical Mask, 
258, Human, Mohawk Black / Cigar, 
259, Human, Clown Hair Blue / Silver Chain, 
260, Ape, Beanie / Cigarette, 
261, Zombie, Big Shades / Demon Horns / Silver Chain / Hoodie, 
262, Human, Wild Blonde / Big Shades / Earring / Gold Chain, Bitcoin Orange
263, Vampire, Jester Hat / Crazy Red Hair / Eye Patch / Clown Nose / Silver Chain, 
264, Ape, Messy Black Hair / Eye Patch / Silver Chain, 
265, Zombie, Beanie / Wild Blonde / VR / Hoodie, 
266, Alien, Heart Shades / Earring, 
267, Ape, Laser Eyes / Gold Chain / Hoodie, Bitcoin Orange
268, Robot / Ape / Alien / Vampire, , 
269, Ape / Orc / Mummy / Skeleton, , 
270, Vampire / Human, Beanie / Cap Forward, 
271, Robot / Ape / Zombie, Knitted Cap, 
272, Zombie / Zombie / Alien, Eye Mask, 
273, Skeleton, Hoodie, 
274, Mummy, Cap McD Red, 
275, Orc, Cap McD Red, 
276, Skeleton, Cap McD Red, 
277, Human, Sombrero / Earring / Silver Chain, 
278, Robot, Sombrero / Cigarette, Bitcoin Orange
279, Ape, Clown Hair Blue / Laser Eyes / Smile / Gold Chain, Bitcoin Orange
280, Human / Vampire / Demon, Bubble Gum / Gold Chain, 
281, Ape, VR / Demon Horns, Bitcoin Orange
282, Demon, Laser Eyes / Pipe / Gold Chain / Hoodie, Bitcoin Orange
283, Skeleton, Laser Eyes / Goatie / Cigarette / Hoodie, Bitcoin Pattern
284, Alien, Laser Eyes / Pipe / Gold Chain / Hoodie, Bitcoin Orange
285, Robot, Laser Eyes / Pipe / Gold Chain / Hoodie, Bitcoin Orange
286, Alien, Bandana / Laser Eyes / Pipe / Gold Chain, Bitcoin Pattern
287, Skeleton, Cap McD Red / Laser Eyes / Hoodie, Bitcoin Pattern
288, Robot, Laser Eyes / Big Beard / Hoodie / Cap Forward / Cigarette, 
289, Alien, Laser Eyes / Demon Horns, 
290, Mummy, Laser Eyes / Big Beard, Bitcoin Orange
291, Robot, Jester Hat / VR / Pipe / Gold Chain, Bitcoin Orange
292, Ape / Human, Big Beard, Bitcoin Pattern
293, Mummy, Fedora / Clown Nose / Pipe / Earring / Gold Chain / Silver Chain, 
294, Orc, Cap Red / Bubble Gum, 
295, Ape, Laser Eyes / Pipe / Hoodie, Bitcoin Orange
296, Ape, Beanie / VR / Pipe, Bitcoin Orange
297, Skeleton, Laser Eyes / Pipe / Gold Chain / Hoodie, Bitcoin Orange
298, Robot, Hoodie, 
299, Ape, Laser Eyes / Pipe / Silver Chain / Hoodie, Bitcoin Orange
300, Human, Crazy Red Hair / Beanie / Laser Eyes / Earring / Hoodie, Bitcoin Orange
301, Ape, Blonde Short / Birthday Hat / Laser Eyes / Silver Chain / Hoodie, Bitcoin Orange
302, Vampire, Red Mohawk / Beanie / Laser Eyes / Earring / Hoodie, Bitcoin Orange
303, Zombie, Messy Black Hair / Birthday Hat / Laser Eyes / Gold Chain / Hoodie, Bitcoin Orange
304, Demon, Clown Hair Blue / Beanie / Laser Eyes / Gold Chain / Hoodie, Bitcoin Orange
305, Demon, Big Shades / Demon Horns, 
306, Ape, Crazy Red Hair / Beanie / Big Shades, 
307, Mummy, Mohawk Black / Top Hat / Laser Eyes / Earring, 
308, Demon, Clown Hair Blue / Cap Red / Laser Eyes, Bitcoin Orange
309, Orc, Wild Blonde / Beanie / Regular Shades, Bitcoin Orange
310, Skeleton, Wild White Hair / Cap Forward / Laser Eyes / Earring, 
311, Skeleton, Mohawk Black / Cap Red / Laser Eyes / Earring, Bitcoin Orange
312, Alien, Wild Blonde / Birthday Hat / Laser Eyes / Gold Chain / Hoodie, Bitcoin Orange
313, Demon, Red Mohawk / Cap Red / Laser Eyes, 
314, Robot, Blonde Short / Cap Forward / Regular Shades, 
315, Ape, Mohawk Black / Cap Red / Laser Eyes, 
316, Alien, Wild Blonde / Beanie / Classic Shades, 
317, Zombie, Clown Hair Blue / Cap Forward / Laser Eyes, 
318, Skeleton, Clown Hair Blue / Cap Red / Laser Eyes, 
319, Mummy, Messy Black Hair / Cap Red / Laser Eyes, 
320, Orc, Wild Blonde / Beanie / Regular Shades, 
321, Mummy, Laser Eyes, Bitcoin Pattern
322, Human, Laser Eyes, Bitcoin Pattern
323, Skeleton, Red Mohawk / Top Hat / Heart Shades / Hoodie, Bitcoin Pattern
324, Zombie, Wild Blonde / Beanie / Heart Shades, 
325, Demon, Demon Horns, 
326, Demon, Big Shades / Demon Horns, 
327, Demon, Laser Eyes / Demon Horns, 
328, Demon, Demon Horns, 
329, Skeleton, Wild White Hair / Beanie / VR, 
330, Ape, Red Mohawk / Beanie / Regular Shades, 
331, Demon, Crazy Red Hair / Beanie / Eye Mask, 
332, Vampire, Mohawk Black / Beanie / Eye Patch, 
333, Orc, Clown Hair Blue / Beanie / 3D Glasses, 
334, Demon, Clown Hair Blue / Beanie / Classic Shades, 
335, Mummy, Wild White Hair / Beanie / Laser Eyes, 
336, Demon, Crazy Red Hair / Classic Shades / Demon Horns, Bitcoin Pattern
337, Demon, Mohawk Black / Regular Shades / Silver Chain / Demon Horns, Bitcoin Orange
338, Demon, Crazy Red Hair / Laser Eyes / Earring / Demon Horns, Bitcoin Pattern
339, Demon, Laser Eyes / Demon Horns, Bitcoin Pattern
340, Demon, Laser Eyes / Demon Horns, Bitcoin Orange
341, Robot, Wild Blonde / Beanie / Regular Shades, Bitcoin Orange
342, Ape, Clown Hair Blue / Beanie / Regular Shades, Bitcoin Orange
343, Ape, Wild Blonde / Beanie / Big Shades, Bitcoin Orange
344, Skeleton, Wild White Hair / Beanie / VR, Bitcoin Orange
345, Demon, Messy Black Hair / Beanie / Classic Shades, Bitcoin Orange
346, Alien, Crazy Red Hair / Beanie / Classic Shades, Bitcoin Orange
347, Mummy, Clown Hair Blue / Beanie / Laser Eyes, Bitcoin Orange
348, Vampire, Wild White Hair / Beanie / Eye Patch, Bitcoin Orange
349, Ape, Clown Hair Blue / Cap Forward / Laser Eyes, Bitcoin Orange
350, Demon, Mohawk Black / Beanie / Eye Mask, Bitcoin Orange
351, Zombie, Red Mohawk / Cap Red / Laser Eyes, Bitcoin Orange
352, Mummy, Blonde Short / Cap Forward / Laser Eyes, Bitcoin Orange
353, Skeleton, Messy Black Hair / Cap Red / Laser Eyes, Bitcoin Orange
354, Orc, Red Mohawk / Beanie / 3D Glasses, Bitcoin Orange
355, Zombie, Crazy Red Hair / Beanie / Heart Shades, Bitcoin Orange
356, Skeleton, Clown Hair Blue / Top Hat / Laser Eyes / Gold Chain / Hoodie, Bitcoin Orange
357, Skeleton, Crazy Red Hair / Cap Forward / Laser Eyes / Gold Chain / Hoodie, Bitcoin Orange
358, Mummy, Wild Blonde / Cowboy Hat / Laser Eyes / Earring / Hoodie, Bitcoin Orange
359, Ape, Mohawk Black / Cap Red / Laser Eyes / Gold Chain / Hoodie, Bitcoin Orange
360, Zombie, Wild White Hair / Cap McD Red / Laser Eyes / Silver Chain / Hoodie, Bitcoin Orange
361, Mummy, Wild White Hair / Cap Forward / Laser Eyes / Earring, Bitcoin Orange
362, Vampire, Blonde Short / Cowboy Hat / Laser Eyes / Earring, Bitcoin Orange
363, Ape, Crazy Red Hair / Cowboy Hat / Laser Eyes / Earring, Bitcoin Orange
364, Robot, Crazy Red Hair / Cowboy Hat / Laser Eyes / Earring / Hoodie, Bitcoin Orange
365, Mummy, Clown Hair Blue / Sombrero / Laser Eyes / Silver Chain / Hoodie, Bitcoin Orange
366, Zombie, Wild Blonde / Cowboy Hat / Laser Eyes / Earring, Bitcoin Orange
367, Skeleton, Red Mohawk / Jester Hat / Laser Eyes / Gold Chain / Hoodie, Bitcoin Orange
368, Alien, Wild Blonde / Top Hat / Laser Eyes / Earring, Bitcoin Orange
369, Orc, Crazy Red Hair / Jester Hat / Laser Eyes / Earring, Bitcoin Orange
370, Orc, Wild Blonde / Cowboy Hat / Laser Eyes / Silver Chain / Hoodie, Bitcoin Orange
371, Demon, Wild Blonde / Cowboy Hat / Laser Eyes / Earring, Bitcoin Orange
372, Human, Messy Black Hair / Cowboy Hat / Laser Eyes / Earring, Bitcoin Orange
373, Demon, Wild White Hair / Knitted Cap / Laser Eyes / Gold Chain / Hoodie, Bitcoin Orange
374, Robot, Mohawk Black / Top Hat / Laser Eyes / Earring, Bitcoin Orange
375, Alien, 3D Glasses, Bitcoin Pattern
376, Alien, Laser Eyes, Bitcoin Pattern
377, Zombie, Cap Forward / 3D Glasses / Cigarette / Hoodie, 
378, , Cap Forward / Silver Chain, Bitcoin Orange
379, Alien, Bandana, 
380, Demon, Crazy Red Hair / Regular Shades / Cigarette, Bitcoin Orange
381, Alien, Hoodie, 
382, Human, VR, Bitcoin Pattern
383, Robot, Top Hat / Gold Chain, 
384, Alien, , 
385, Alien, 3D Glasses, 
386, Mummy, Cowboy Hat / Eye Mask, 
387, Ape, Messy Black Hair / Cowboy Hat / Heart Shades / Hoodie, Bitcoin Pattern
388, Zombie, Clown Hair Blue / Birthday Hat / Big Shades / Hoodie, Bitcoin Pattern
389, Skeleton, Clown Hair Blue / Jester Hat / Big Shades / Hoodie, Bitcoin Pattern
390, Demon, Red Mohawk / Birthday Hat / Classic Shades / Hoodie, Bitcoin Pattern
391, Skeleton, Wild Blonde / Cap McD Red / 3D Glasses / Hoodie, Bitcoin Pattern
392, Demon, Wild White Hair / Jester Hat / Big Shades / Hoodie, Bitcoin Pattern
393, Mummy, Wild White Hair / Top Hat / Heart Shades / Hoodie, Bitcoin Pattern
394, Mummy, Crazy Red Hair / Cap Red / Laser Eyes / Hoodie, Bitcoin Pattern
395, Zombie, Mohawk Black / Sombrero / Classic Shades / Hoodie, Bitcoin Pattern
396, Human, Crazy Red Hair / Beanie / 3D Glasses / Hoodie, Bitcoin Pattern
397, Robot, Wild Blonde / Cap Forward / VR / Hoodie, Bitcoin Pattern
398, Ape, Crazy Red Hair / Knitted Cap / Regular Shades / Hoodie, Bitcoin Pattern
399, Alien, Blonde Short / Cowboy Hat / Eye Mask / Hoodie, Bitcoin Pattern
400, Orc, Wild Blonde / Cowboy Hat / Eye Patch / Hoodie, Bitcoin Pattern
401, Vampire, Crazy Red Hair / Birthday Hat / Regular Shades / Hoodie, Bitcoin Pattern
402, Human, Hoodie / Earring, Bitcoin Pattern
403, Demon, Hoodie / Earring, Bitcoin Pattern
404, Alien, Hoodie / Earring, Bitcoin Pattern
405, Ape, Mohawk Black / VR / Frown / Clown Nose / Medical Mask, Bitcoin Orange
406, Vampire, Laser Eyes, Bitcoin Pattern
407, Skeleton, Laser Eyes, Bitcoin Pattern
408, Ape, Laser Eyes, Bitcoin Pattern
409, Mummy, Laser Eyes, Bitcoin Pattern
410, Demon, Laser Eyes, Bitcoin Pattern
411, Alien, Laser Eyes, Bitcoin Pattern
412, Orc, Laser Eyes, Bitcoin Pattern
413, Zombie, Laser Eyes, Bitcoin Pattern
414, Robot, Laser Eyes, Bitcoin Pattern
415, Human / Mummy, , 
416, , Cap Red / Silver Chain / Hoodie, 
417, Robot, Mohawk Black / VR / Frown / Clown Nose / Medical Mask, Bitcoin Orange
418, Human, Classic Shades / Chinstrap / Smile / Clown Nose / Demon Horns / Cigarette / Medical Mask / Hoodie, Bitcoin Orange
419, Vampire, Hoodie / Earring, Bitcoin Pattern
420, Orc, Hoodie / Earring, Bitcoin Pattern
421, Human, 3D Glasses / Pipe / Hoodie, 
422, Orc, Sombrero / Cigarette, 
423, Mummy, Big Beard, Bitcoin Orange
424, Orc, Crazy Red Hair, 
425, Zombie, Wild Blonde / Cap Forward / VR / Goatie / Frown / Mole / Clown Nose / Demon Horns / Medical Mask / Gold Chain / Hoodie, Bitcoin Orange
426, Human, Wild Blonde / Cap Forward / VR / Goatie / Frown / Mole / Clown Nose / Demon Horns / Medical Mask / Gold Chain / Hoodie, Bitcoin Orange
427, Vampire, Wild Blonde / Cap Forward / VR / Goatie / Frown / Mole / Clown Nose / Demon Horns / Medical Mask / Gold Chain / Hoodie, Bitcoin Orange
428, Human, Laser Eyes, 
429, Skeleton, Laser Eyes, 
430, Zombie, Laser Eyes, 
431, Orc, Laser Eyes, 
432, Ape, Laser Eyes, 
433, Vampire, Laser Eyes, 
434, Skeleton, , Bitcoin Orange
435, Alien, Laser Eyes, 
436, Demon, Laser Eyes, 
437, Alien, , Bitcoin Orange
438, Demon, , Bitcoin Orange
439, Human, , Bitcoin Orange
440, Mummy, Laser Eyes, 
441, Robot, , Bitcoin Orange
442, Orc, , Bitcoin Orange
443, Zombie, , Bitcoin Orange
444, Mummy, , Bitcoin Orange
445, Robot, Laser Eyes, 
446, Vampire, , Bitcoin Orange
447, Ape, , Bitcoin Orange
448, Alien, Beanie, 
449, Mummy, Wild Blonde / Fedora / VR / Chinstrap / Frown / Mole / Clown Nose / Demon Horns / Medical Mask / Gold Chain / Hoodie, Bitcoin Orange
450, Demon, Wild Blonde / Cap Forward / VR / Goatie / Frown / Mole / Clown Nose / Demon Horns / Medical Mask / Gold Chain / Hoodie, Bitcoin Orange
451, Mummy, Wild Blonde / Cap Forward / Classic Shades / Big Beard / Frown / Mole / Clown Nose / Demon Horns / Medical Mask / Gold Chain / Hoodie, Bitcoin Pattern
452, Mummy, Mohawk Black / Beanie / 3D Glasses / Goatie / Frown / Mole / Clown Nose / Demon Horns / Medical Mask / Gold Chain / Hoodie, Bitcoin Pattern
453, Mummy, Crazy Red Hair / Cap McD Red / Heart Shades / Goatie / Frown / Mole / Clown Nose / Demon Horns / Medical Mask / Gold Chain / Hoodie, Bitcoin Pattern
454, Alien, Wild Blonde / Cap Forward / VR / Goatie / Frown / Mole / Clown Nose / Demon Horns / Medical Mask / Gold Chain / Hoodie, Bitcoin Orange
455, Skeleton, Wild Blonde / Cap Forward / VR / Goatie / Frown / Mole / Clown Nose / Demon Horns / Medical Mask / Gold Chain / Hoodie, Bitcoin Orange
456, Orc, Wild Blonde / Cap Forward / VR / Goatie / Frown / Mole / Clown Nose / Demon Horns / Medical Mask / Gold Chain / Hoodie, Bitcoin Orange
457, Mummy, Clown Hair Blue / Cowboy Hat / Eye Patch / Goatie / Frown / Mole / Clown Nose / Demon Horns / Medical Mask / Gold Chain / Hoodie, Bitcoin Pattern
458, Mummy, Red Mohawk / Knitted Cap / Eye Mask / Big Beard / Frown / Mole / Clown Nose / Demon Horns / Medical Mask / Gold Chain / Hoodie, Bitcoin Orange
459, Mummy, Wild White Hair / Sombrero / Laser Eyes / Chinstrap / Frown / Mole / Clown Nose / Demon Horns / Medical Mask / Gold Chain / Hoodie, Bitcoin Pattern
460, Mummy, Blonde Short / Birthday Hat / Regular Shades / Goatie / Frown / Mole / Clown Nose / Demon Horns / Medical Mask / Gold Chain / Hoodie, Bitcoin Orange
461, Ape, Wild Blonde / Cap Forward / VR / Goatie / Frown / Mole / Clown Nose / Demon Horns / Medical Mask / Gold Chain / Hoodie, Bitcoin Orange
462, Robot, Wild Blonde / Cap Forward / VR / Goatie / Frown / Mole / Clown Nose / Demon Horns / Medical Mask / Gold Chain / Hoodie, Bitcoin Orange
463, Mummy, Messy Black Hair / Bandana / VR / Chinstrap / Frown / Mole / Clown Nose / Demon Horns / Medical Mask / Gold Chain / Hoodie, Bitcoin Orange
464, Mummy, Wild Blonde / Cap Forward / VR / Goatie / Frown / Mole / Clown Nose / Demon Horns / Medical Mask / Gold Chain / Hoodie, Bitcoin Orange
465, Mummy, Wild White Hair / Cap Red / Big Shades / Goatie / Frown / Mole / Clown Nose / Demon Horns / Medical Mask / Gold Chain / Hoodie, Bitcoin Orange
466, Human, Bandana / 3D Glasses / Chinstrap, 
467, Alien, Wild Blonde / Heart Shades / Goatie, 
468, Ape, Hoodie / Bubble Gum, 
469, Vampire, Red Mohawk, Bitcoin Orange
470, Robot, , 
471, Ape, , 
472, Robot, , Bitcoin Pattern
473, Zombie, , Bitcoin Pattern
474, Alien, , Bitcoin Orange
475, Human, , Bitcoin Pattern
476, Robot, Cowboy Hat / 3D Glasses / Smile / Cigar, Bitcoin Orange
477, Alien, Laser Eyes / Spots, Bitcoin Orange
478, Robot, Laser Eyes / Frown, Bitcoin Pattern
479, Robot, Laser Eyes, Bitcoin Pattern
480, Robot, Hoodie, Bitcoin Pattern
481, Ape, Demon Horns, 
482, Robot, Wild Blonde / Fedora / Laser Eyes / Big Beard / Buckteeth / Mole / Clown Nose / Demon Horns / Cigar / Gold Chain / Hoodie, 
483, Alien, Hoodie, 
484, Alien, Laser Eyes / Pipe / Hoodie, Bitcoin Orange
485, Vampire, Messy Black Hair / Cowboy Hat / Laser Eyes / Demon Horns, Bitcoin Orange
486, Skeleton, Crazy Red Hair / Laser Eyes / Cigarette, Bitcoin Pattern
487, Demon, Crazy Red Hair / Laser Eyes / Cigarette, Bitcoin Orange
488, Robot, Crazy Red Hair / Laser Eyes / Cigarette, Bitcoin Pattern
489, Zombie, Clown Hair Blue / Laser Eyes / Cigarette, Bitcoin Orange
490, Zombie, Red Mohawk / Top Hat / Laser Eyes / Goatie / Frown / Mole / Clown Nose / Demon Horns / Cigarette / Gold Chain / Hoodie, Bitcoin Pattern
491, Skeleton, Red Mohawk / Top Hat / Laser Eyes / Goatie / Frown / Mole / Clown Nose / Demon Horns / Cigarette / Gold Chain / Hoodie, Bitcoin Pattern
492, Demon, Red Mohawk / Top Hat / Laser Eyes / Goatie / Frown / Mole / Clown Nose / Demon Horns / Cigarette / Gold Chain / Hoodie, Bitcoin Pattern
493, Vampire, Red Mohawk / Top Hat / Laser Eyes / Goatie / Frown / Mole / Clown Nose / Demon Horns / Cigarette / Gold Chain / Hoodie, Bitcoin Pattern
494, Robot, Red Mohawk / Top Hat / Laser Eyes / Goatie / Frown / Mole / Clown Nose / Demon Horns / Cigarette / Gold Chain / Hoodie, Bitcoin Pattern
495, Orc, Red Mohawk / Top Hat / Laser Eyes / Goatie / Frown / Mole / Clown Nose / Demon Horns / Cigarette / Gold Chain / Hoodie, Bitcoin Pattern
496, Ape, Red Mohawk / Top Hat / Laser Eyes / Goatie / Frown / Mole / Clown Nose / Demon Horns / Cigarette / Gold Chain / Hoodie, Bitcoin Pattern
497, Alien, Red Mohawk / Top Hat / Laser Eyes / Goatie / Frown / Mole / Clown Nose / Demon Horns / Cigarette / Gold Chain / Hoodie, Bitcoin Pattern
498, Mummy, Red Mohawk / Top Hat / Laser Eyes / Goatie / Frown / Mole / Clown Nose / Demon Horns / Cigarette / Gold Chain / Hoodie, Bitcoin Pattern
499, Robot, Wild White Hair / Top Hat / Frown, Bitcoin Orange
500, Mummy, 3D Glasses / Smile, Bitcoin Pattern
501, Mummy, Top Hat / Laser Eyes, Bitcoin Orange
502, Orc, Cowboy Hat / Laser Eyes, Bitcoin Pattern
503, Vampire, Eye Mask / Smile, Bitcoin Pattern
504, Alien, Laser Eyes / Hoodie, Bitcoin Pattern
505, Ape, Bandana / Big Shades, Bitcoin Pattern
506, Ape, Birthday Hat / Regular Shades, Bitcoin Pattern
507, Vampire, Cap Forward / Heart Shades, Bitcoin Pattern
508, Ape, Cap McD Red / 3D Glasses, Bitcoin Pattern
509, Vampire, Top Hat / Eye Mask, Bitcoin Pattern
510, Alien, VR, Bitcoin Pattern
511, Alien, Heart Shades, Bitcoin Pattern
512, Human, Laser Eyes, Bitcoin Orange
513, Zombie, Laser Eyes, Bitcoin Orange
514, Robot, Laser Eyes, Bitcoin Orange
515, Alien, Laser Eyes, Bitcoin Orange
516, Orc, Laser Eyes, Bitcoin Pattern
517, Human, Laser Eyes, Bitcoin Pattern
518, Skeleton, Laser Eyes, Bitcoin Orange
519, Demon, Laser Eyes, Bitcoin Pattern
520, Ape, Laser Eyes, Bitcoin Pattern
521, Vampire, Laser Eyes, Bitcoin Orange
522, Mummy, Laser Eyes, Bitcoin Pattern
523, Ape, Laser Eyes / Hoodie, Bitcoin Pattern
524, Human, Laser Eyes / Hoodie, Bitcoin Pattern
525, Zombie, Mohawk Black / VR / Pipe / Gold Chain / Hoodie, Bitcoin Orange
526, Orc, Cap McD Red / Laser Eyes / Hoodie, 
527, Orc, Cowboy Hat / Eye Patch / Cigar, 
528, Orc, Cap McD Red / Goatie / Gold Chain, 
529, Orc, Laser Eyes / Demon Horns, 
530, Orc, Red Mohawk / Hoodie, 
531, Orc, Laser Eyes / Goatie / Hoodie, 
532, Skeleton, Cowboy Hat / Eye Patch / Cigar, 
533, Skeleton, Cap McD Red / Laser Eyes / Hoodie, 
534, Skeleton, Cap McD Red / Goatie / Gold Chain, 
535, Ape, Cap McD Red / 3D Glasses / Big Beard / Cigar / Hoodie, Bitcoin Pattern
536, Skeleton, Red Mohawk / Hoodie, 
537, Mummy, Laser Eyes / Earring, 
538, Zombie, VR / Beanie, Bitcoin Pattern
539, Zombie, Cap McD Red / 3D Glasses, Bitcoin Orange
540, Ape, VR / Bandana, Bitcoin Pattern
541, Mummy, Bandana, 
542, Ape, Hoodie / Regular Shades, 
543, Mummy, Hoodie, 
544, Mummy, Red Mohawk, 
545, Ape, Cap Forward / Regular Shades / Gold Chain, Bitcoin Orange
546, Skeleton, Cap Forward / Cigarette, 
547, Alien, Knitted Cap, 
548, Alien, Cap McD Red / Laser Eyes / Hoodie, 
549, Skeleton, Beanie, 
550, Orc, , 
551, Vampire, Laser Eyes, 
552, Mummy, Knitted Cap / Eye Patch, 
553, Robot, VR / Gold Chain, 
554, Mummy, Cap McD Red / Laser Eyes / Gold Chain, 
555, Alien, Bandana / 3D Glasses / Gold Chain, 
556, Ape, Bandana / 3D Glasses / Gold Chain, 
557, Human, Bandana / 3D Glasses / Hoodie, Bitcoin Pattern
558, Zombie, Cap Forward / Cigar / Earring, 
559, Orc, Jester Hat / Eye Mask, 
560, Robot, Bandana / Laser Eyes / Medical Mask, 
561, Human, Bandana / Regular Shades, 
562, Robot, Birthday Hat / VR, 
563, Skeleton, Knitted Cap / Cigarette, 
564, Vampire, Big Shades / Demon Horns, 
565, Human, Hoodie / VR, 
566, Mummy, Cowboy Hat / Laser Eyes / Medical Mask, 
567, Zombie / Mummy, Frown / Pipe, 
568, Skeleton, Bandana / Regular Shades, 
569, Alien, Cap Forward / Cigar, 
570, Robot, Cap Red / 3D Glasses / Gold Chain, Bitcoin Orange
571, Ape, Red Mohawk / Hoodie, 
572, Human, Crazy Red Hair / Laser Eyes, Bitcoin Pattern
573, Robot, Bandana / Laser Eyes / Hoodie, 
574, Human, Red Mohawk / Hoodie, 
575, Robot, Hoodie, Bitcoin Orange
576, Zombie, Mohawk Black / Laser Eyes / Cigarette / Hoodie, 
577, Mummy, Laser Eyes / Cigarette / Hoodie, 
578, Human, Blonde Short / Laser Eyes / Cigarette / Hoodie, 
579, Demon, 3D Glasses / Cigar, 
580, Demon, Wild White Hair / Eye Patch / Cigarette / Gold Chain, 
581, Alien, Knitted Cap / VR, 
582, Orc, Sombrero / Cigar, Bitcoin Orange
583, Robot, Laser Eyes / Goatie / Hoodie, 
584, Ape, VR / Gold Chain, Bitcoin Orange
585, Human, Big Shades / Goatie / Hoodie, 
586, Vampire, Fedora / Laser Eyes / Hoodie, 
587, Robot, Birthday Hat / Laser Eyes / Goatie / Hoodie, Bitcoin Pattern
588, Alien, Eye Mask / Goatie, 
589, Ape, Beanie, 
590, Vampire, Big Shades / Gold Chain, 
591, Human, Wild Blonde / Classic Shades / Cigar, 
592, Human, Cowboy Hat / Classic Shades / Cigar, 
593, Human, Classic Shades / Hoodie, 
594, Vampire, Wild Blonde / Classic Shades, 
595, Human, Fedora / Classic Shades / Smile / Pipe, 
596, Zombie, Beanie, 
597, Mummy, Hoodie / Medical Mask, 
598, Orc, Knitted Cap / VR / Medical Mask, 
599, Human, Jester Hat / 3D Glasses / Spots / Pipe, 
600, Robot, Mohawk Black / Bandana / Heart Shades, 
601, Zombie, Goatie / Hoodie, Bitcoin Orange
602, Demon, Classic Shades / Cigarette, Bitcoin Pattern
603, Vampire, Blonde Short / Cap Red / Laser Eyes / Goatie / Frown / Spots / Clown Nose / Demon Horns / Cigar / Gold Chain / Hoodie, Bitcoin Orange
604, Orc, Messy Black Hair / Laser Eyes / Goatie / Hoodie, 
605, Mummy, Beanie / Eye Mask / Goatie / Frown, 
606, Ape, Regular Shades / Mole / Earring / Hoodie, Bitcoin Orange
607, Skeleton, Wild Blonde / Cowboy Hat / Big Shades / Spots, 
608, Alien, Jester Hat / Heart Shades / Chinstrap / Silver Chain, 
609, Orc, Sombrero / Cigar, Bitcoin Orange
610, Zombie, Sombrero, 
611, Mummy, Messy Black Hair / Laser Eyes, Bitcoin Orange
612, Human, Jester Hat / 3D Glasses / Spots / Pipe, Bitcoin Pattern
613, Alien, Jester Hat / Chinstrap / Silver Chain, Bitcoin Orange
614, Alien, Blonde Short / Cap McD Red / Goatie / Frown / Cigar, 
615, Zombie, Blonde Short / Goatie / Frown / Cigar, Bitcoin Orange
616, Skeleton, Cowboy Hat / Big Shades / Spots, Bitcoin Pattern
617, Demon, Classic Shades / Cigarette, 
618, Vampire, Blonde Short / Cap McD Red / Goatie / Frown / Cigar, Bitcoin Orange
619, Skeleton, Blonde Short / Cap McD Red / Goatie / Cigar, 
620, Ape, Regular Shades / Mole / Earring / Hoodie, 
621, Robot, Mohawk Black / Bandana / Heart Shades, Bitcoin Orange
622, Zombie, Crazy Red Hair / Goatie / Hoodie, Bitcoin Orange
623, Mummy, Red Mohawk / Cap McD Red / Chinstrap / Frown / Cigar, 
624, Orc, Messy Black Hair / Laser Eyes / Hoodie, Bitcoin Pattern
625, Mummy, Beanie / Eye Mask / Frown, Bitcoin Pattern
626, Vampire, Blonde Short / Cap Red / Laser Eyes / Goatie / Frown / Spots / Demon Horns / Cigar / Gold Chain / Hoodie, 
627, Human, Cowboy Hat / Classic Shades / VR / Cigar, 
628, Human, Classic Shades / Cigarette / Hoodie, 
629, Human, Cowboy Hat / Classic Shades / Cigarette, 
630, Human, Cowboy Hat / Classic Shades / Chinstrap / Cigar, 
631, Human, Cowboy Hat / Classic Shades / Chinstrap / Cigarette, 
632, Human, Sombrero / Laser Eyes, Bitcoin Orange
633, Demon, Sombrero / Pipe / Hoodie, 
634, Vampire, Sombrero / Cigarette, Bitcoin Pattern
635, Vampire, Top Hat / Pipe, Bitcoin Pattern
636, Zombie, Laser Eyes / Pipe / Hoodie, 
637, Ape, Sombrero / Laser Eyes / Pipe, 
638, Human, Top Hat / Laser Eyes / Cigarette / Hoodie, 
639, Human, Top Hat / Regular Shades / Cigar, 
640, Robot, Cowboy Hat / Laser Eyes / Pipe, 
641, Ape, 3D Glasses / Cowboy Hat, 
642, Mummy, Sombrero / Cigar, Bitcoin Orange
643, Human, Beanie / 3D Glasses / Gold Chain, 
644, Orc, Birthday Hat, 
645, Mummy, Sombrero, 
646, Ape / Skeleton, Pipe, Bitcoin Orange
647, Alien, Hoodie / Medical Mask, 
648, Mummy, Hoodie / VR, 
649, Ape, Blonde Short / Birthday Hat / Laser Eyes / Goatie / Clown Nose / Hoodie, Bitcoin Pattern
650, Human, Clown Hair Blue / Laser Eyes / Clown Nose, 
651, Human, Blonde Short / Goatie, 
652, Human, Blonde Short / Birthday Hat / Goatie / Clown Nose, Bitcoin Pattern
653, Orc, Blonde Short / Birthday Hat / Laser Eyes / Goatie / Hoodie, 
654, Human, Sombrero / 3D Glasses / Cigarette / Hoodie, Bitcoin Pattern
655, Mummy, Sombrero / Hoodie, Bitcoin Orange
656, Skeleton, Sombrero / Cigar, Bitcoin Pattern
657, Orc, 3D Glasses / Cigarette, Bitcoin Orange
658, Robot, Sombrero / Laser Eyes / Cigar / Hoodie, Bitcoin Orange
659, Ape, Sombrero / Cigarette, Bitcoin Orange
660, Ape, Sombrero / Pipe, Bitcoin Orange
661, Ape, Sombrero / Laser Eyes, Bitcoin Pattern
662, Human, Top Hat / Classic Shades / Cigarette, 
663, Human, Classic Shades / VR / Cigar, 
664, Human, Wild Blonde / Chinstrap / Cigarette, 
665, Human, Demon Horns / Cigar, 
666, Vampire, Wild Blonde, 
667, Demon, Sombrero / Laser Eyes / Pipe, Bitcoin Orange
668, Human, Sombrero / Laser Eyes / Pipe / Hoodie, 
669, Orc, Eye Patch / Bandana, 
670, Alien, Laser Eyes / Cigarette, 
671, Skeleton, Laser Eyes / Cigarette, 
672, Mummy, Laser Eyes / Cigarette, 
673, Orc, Laser Eyes / Cigarette, 
674, Robot, Laser Eyes / Cigarette, 
675, Zombie, Cowboy Hat / Clown Nose / Silver Chain, Bitcoin Orange
676, Zombie, Crazy Red Hair / Laser Eyes / Mole / Demon Horns / Cigar / Silver Chain, Bitcoin Pattern
677, Orc, Crazy Red Hair / Laser Eyes / Mole / Demon Horns / Cigar / Silver Chain, Bitcoin Pattern
678, Ape, Crazy Red Hair / Laser Eyes / Mole / Demon Horns / Cigar / Silver Chain, Bitcoin Pattern
679, Alien, Crazy Red Hair / Laser Eyes / Mole / Demon Horns / Cigar / Silver Chain, Bitcoin Pattern
680, Robot, Crazy Red Hair / Laser Eyes / Mole / Demon Horns / Cigar / Silver Chain, Bitcoin Pattern
681, Robot, Clown Hair Blue / Laser Eyes / Medical Mask, Bitcoin Pattern
682, Robot, Clown Hair Blue / Laser Eyes, Bitcoin Pattern
683, Zombie, Fedora, 
684, Zombie, Knitted Cap, Bitcoin Orange
685, Ape, Eye Patch / Hoodie, 
686, Ape, Cap McD Red / Laser Eyes / Spots / Silver Chain, 
687, Ape, Cap Forward, 
688, Alien, Eye Patch / Bandana, 
689, Vampire, 3D Glasses / Red Mohawk, 
690, Zombie, Bandana / Messy Black Hair, Bitcoin Orange
691, Human, Beanie / Mohawk Black, Bitcoin Orange
692, Orc, Cowboy Hat / Clown Hair Blue, Bitcoin Orange
693, Vampire, Birthday Hat / Blonde Short, Bitcoin Orange
694, Demon, Cap Forward / Wild Blonde, Bitcoin Orange
695, Alien, Knitted Cap / Red Mohawk, Bitcoin Orange
696, Zombie, Cap Red / Wild White Hair, Bitcoin Orange
697, Ape, Cap McD Red / Crazy Red Hair, Bitcoin Orange
698, Ape, Birthday Hat, Bitcoin Orange
699, Mummy, Knitted Cap, Bitcoin Orange
700, Skeleton, Bandana, Bitcoin Orange
701, Robot, Knitted Cap, Bitcoin Orange
702, Alien, Cap Forward, Bitcoin Orange
703, Zombie, Beanie, Bitcoin Orange
704, Alien, Crazy Red Hair / Laser Eyes / Spots / Clown Nose / Bubble Gum / Gold Chain / Hoodie, Bitcoin Orange
705, Vampire, Crazy Red Hair / Laser Eyes / Spots / Clown Nose / Bubble Gum / Gold Chain / Hoodie, Bitcoin Orange
706, Skeleton, Crazy Red Hair / Laser Eyes / Spots / Clown Nose / Bubble Gum / Gold Chain / Hoodie, Bitcoin Orange
707, Human, Crazy Red Hair / Laser Eyes / Spots / Clown Nose / Bubble Gum / Gold Chain / Hoodie, Bitcoin Orange
708, Demon, Crazy Red Hair / Laser Eyes / Spots / Clown Nose / Bubble Gum / Gold Chain / Hoodie, Bitcoin Orange
709, Ape, Crazy Red Hair / Laser Eyes / Spots / Clown Nose / Bubble Gum / Gold Chain / Hoodie, Bitcoin Orange
710, Ape, Crazy Red Hair / Laser Eyes / Spots / Clown Nose / Bubble Gum / Gold Chain / Hoodie, Bitcoin Orange
711, Alien, Hoodie / VR / Pipe, 
712, Alien, Clown Hair Blue / Beanie / VR / Goatie / Smile / Mole / Cigar / Earring / Hoodie, Bitcoin Pattern
713, Alien, Eye Patch / Hoodie, 
714, Human, Wild Blonde / Big Shades / Cigarette, 
715, Orc, Fedora / Classic Shades / Chinstrap, 
716, Human, Blonde Short / Big Shades / Smile, 
717, Orc, Cowboy Hat / Big Shades, 
718, Human, Big Shades / Chinstrap / Smile / Cigarette, 
719, Human, Messy Black Hair / Laser Eyes / Big Beard, 
720, Human, Cap McD Red / Cigarette / Gold Chain, 
